	pdb	Hchain	Lchain
6	4kq3	H	L
7	6lfm	S	S
8	6lfo	S	S
9	7su1	H	L
12	6q20	H	L
20	3go1	H	L
21	7kra	I	J
42	7kez	H	L
46	7ket	A	B
50	5wuv	H	L
54	2b1a	H	L
55	4dqo	H	L
60	3qrg	H	L
69	5u0r	H	L
70	1tji	H	L
71	1tjh	H	L
72	5odb	A	B
73	1tjg	H	L
74	6y49	H	L
75	5od8	A	B
76	1jps	H	L
77	7ekb	H	L
78	5od0	H	L
79	7ekk	H	L
80	7byr	H	L
89	6ztd	H	L
92	7n8i	H	L
99	6pwu	H	L
110	6mtx	H	L
123	7neg	H	L
130	7wrj	A	B
131	7wro	H	L
142	1iqd	B	A
143	7e3c	B	C
144	7e3b	B	C
148	7f8w	D	D
149	7e39	C	B
158	7wr8	A	B
159	7wr9	A	B
172	8dlx	H	
173	8dly	H	
174	8dlz	H	
178	8dlr	H	L
179	8dls	H	L
184	6phg	A	B
185	6phd	H	L
190	4jpv	H	L
199	7s3i	N	
200	4ogx	H	L
203	8ekh	H	L
207	4idj	H	L
212	6hhc	H	L
213	1dql	H	L
214	8ek6	H	L
228	7cu7	H	L
234	2qqk	H	L
235	2qql	H	L
248	1h0d	B	A
251	7xnf	H	L
252	6w52	H	L
263	1jv5	B	A
264	7rxp	H	L
265	4tsa	H	L
266	4tsc	H	L
267	4tsb	H	L
274	7rxi	H	L
279	5nhw	H	L
284	6cmi	D	C
285	6cmg	C	B
286	7u5g	H	L
303	6oz3	H	L
324	7k3q	H	L
325	7wpv	H	L
351	7e5o	H	L
352	7z0x	H	L
369	7wp2	H	L
370	7wp0	H	L
371	7wp1	H	L
376	5cd5	C	D
386	6oz4	H	L
399	7tly	A	B
400	7tlz	B	A
403	7ps5	H	L
404	7t1w	H	L
407	6c5v	H	L
408	6d2p	H	L
409	7t1x	H	L
440	4rfo	H	L
443	6dzr	H	L
450	6dzn	H	L
473	2qsc	H	L
474	5w1g	H	L
483	6wor	H	L
484	6wos	H	L
494	5f6i	B	C
499	4eow	H	L
500	6wo4	H	L
505	7x10	E	E
506	6wo3	H	L
510	6tul	H	L
529	2fb4	H	L
532	7ek0	H	L
546	5te4	H	L
549	6uyn	H	L
550	5te7	H	L
551	6bla	H	L
552	6blh	H	L
557	7cyh	E	D
558	7cyv	H	H
561	5t85	H	L
562	5t80	H	L
568	2ig2	H	L
569	7eo2	E	E
570	7eo4	E	E
571	4nwu	H	L
572	4nwt	H	L
577	6ss4	H	L
578	6ss5	H	L
586	7bem	H	L
595	7beh	H	L
596	7bei	H	L
597	7eow	B	
598	7bek	H	L
599	2uzi	H	L
604	3hi5	H	L
607	6iea	H	L
616	1jpt	H	L
626	7niw	C	B
627	7dwt	H	L
628	7dwu	H	L
629	3nfs	H	L
639	3d85	B	A
640	7mlx	H	L
647	6nmv	H	L
650	6nmt	B	A
659	1hkl	H	L
669	7sbu	H	L
699	4nhc	H	L
702	5ud9	H	L
711	7ah1	A	A
730	7ahv	A	B
737	2xa8	H	L
738	6ss2	H	L
739	5jrp	H	L
746	6apc	H	L
753	6u36	H	L
756	4xvj	H	L
757	4xvs	H	L
758	3wd5	H	L
759	4xvt	H	L
766	7raj	H	L
767	7ral	H	L
768	7ran	E	E
775	5gmq	B	C
780	6o2c	A	B
795	7neh	H	L
804	6o26	A	B
808	6o24	A	B
809	5f45	H	L
813	5wkz	H	L
822	7vkt	E	E
823	7jwb	D	
826	6co3	H	L
839	5wk2	H	L
840	3qhf	H	L
841	7xjk	E	E
842	7xjl	E	E
845	5adp	H	L
846	5ado	H	L
852	4nuj	B	A
853	4nug	H	L
872	4m5z	H	L
884	4hs8	H	L
885	7u9p	H	L
886	7u9o	H	L
892	7dun	H	L
893	7duo	H	L
894	4uok	A	L
895	4uom	H	L
896	4h8w	H	L
907	7e9h	D	D
914	7e9b	H	L
915	6nou	A	A
921	7e9p	H	L
922	6v4q	H	L
923	6v4r	H	L
932	6m3b	C	B
936	7mn8	D	C
937	6ucf	H	L
938	5vl7	H	L
941	5mev	H	L
942	5mes	H	L
943	5e8e	B	A
947	5uby	H	L
948	5ubz	H	L
953	7vv3	S	S
954	7vv5	S	S
955	7aj6	H	L
963	5cck	H	L
966	7s5p	H	L
969	6c9u	H	L
970	4hpo	H	L
973	5c6t	H	L
974	4hpy	H	L
975	7o4y	H	L
978	2pw2	B	A
979	2pw1	B	A
980	6aru	C	B
981	6vlw	H	L
984	6vln	H	L
1005	4ioi	B	A
1013	4ky1	H	L
1033	5fgc	E	B
1034	5d7s	H	L
1035	2xtj	D	B
1046	7xh8	B	C
1047	6bp2	H	L
1048	7usl	H	L
1062	5o7p	B	A
1065	8gv5	C	D
1068	8gv7	C	D
1077	4s1q	H	L
1078	4s1r	H	L
1079	4s1s	H	L
1080	3hmx	H	L
1081	3hmw	H	L
1090	6cw2	A	B
1093	6nij	H	L
1094	6nis	H	L
1107	2cmr	H	L
1108	5ibt	H	L
1111	5bvp	H	L
1112	4xmm	H	L
1113	4xml	H	L
1119	7e3o	H	L
1124	7lfb	H	L
1127	7lfd	H	L
1136	3se9	H	L
1169	7lf8	H	L
1176	5j13	C	B
1177	4al8	H	L
1178	4p9m	H	L
1179	5c0s	H	L
1185	4dn4	H	L
1186	4dn3	H	L
1189	6att	H	L
1245	4jpw	H	L
1248	2hfg	H	L
1261	3g04	B	A
1267	7t01	H	L
1270	7ks9	H	L
1271	4lkx	A	B
1272	4lkc	B	A
1275	6wio	A	B
1276	6wir	A	B
1277	6wiz	H	L
1280	6wiy	H	L
1288	1ar2		A
1298	8gpx	H	L
1307	7ly0	H	L
1317	3be1	H	L
1318	4j6r	H	L
1319	7v24	H	L
1320	7v27	B	A
1332	5lve		A
1341	7ox3	A	B
1346	3na9	H	L
1349	7sd5	H	L
1358	8dvd	H	L
1361	7oxn	H	K
1368	3naa	H	L
1371	3nac	H	L
1372	3twc	H	L
1377	3mlu	H	L
1382	3u7y	H	L
1383	3mlr	H	L
1388	7x2v	E	E
1393	3mlz	H	L
1394	3u7a		A
1395	6iut	H	L
1412	4qhn	A	B
1413	5c2b	H	L
1418	6u9u	H	L
1427	7nd3	H	L
1428	6avn	H	L
1433	7jn5	H	L
1434	7t7b	H	L
1435	7t72	H	L
1436	7t73	H	L
1437	7t76	H	L
1438	7t77	H	L
1441	6db6	H	L
1453	7kqg	B	C
1456	7kql	H	L
1457	7kqi	A	C
1464	3g6d	H	L
1474	3n85	H	L
1475	8e9y	E	E
1476	6wg8	A	B
1477	6wg0	H	L
1480	3qnx	B	A
1501	6wgl	A	B
1518	7cah	E	D
1522	7x9y	S	S
1533	7cac	E	D
1534	7ew1	E	E
1535	5ezj	A	B
1536	7ew2	S	S
1537	7ew4	S	S
1547	7zr8	H	L
1562	5waw	H	L
1563	7r7n	H	L
1564	3u7w	H	L
1567	7b3o	H	L
1574	7fab	H	L
1575	1u6a	H	L
1576	1zls	H	L
1581	2qqn	H	L
1582	7mdp	H	I
1583	7f46	H	L
1584	6nuz	H	L
1585	5ifh	H	L
1590	5ifa	H	L
1591	6xzw	H	L
1592	4xi5	D	C
1595	7wf7	E	E
1596	6amm	H	L
1597	2eks	B	A
1602	5dhz	H	L
1612	7sjp	H	L
1613	7sjs	H	L
1614	7sjm	H	L
1621	7vla	S	S
1622	2agj	H	L
1623	4ye4	H	L
1624	4ot1	H	L
1625	3nab	H	L
1626	7vl9	S	S
1627	7vl8	S	S
1628	7sj0	B	L
1629	8dph	E	E
1630	8dpi	E	E
1639	8dpf	E	E
1640	8dpg	E	E
1663	3ncj	H	L
1666	5cin	H	L
1667	5cil	H	L
1670	4lrn	H	L
1675	6vjn	H	L
1676	6vjt	H	L
1687	6ulf	A	B
1690	6ulc	H	L
1693	7ykj	A	D
1694	7ws4	I	H
1699	7t5o	H	L
1700	6ml8	H	L
1701	7m71	H	L
1702	7w57	E	E
1703	7w56	E	E
1715	6mlk	H	L
1739	7d5b	D	
1745	7d5u	D	
1762	1cly	H	L
1767	6zec	H	L
1770	6wez	H	L
1776	7ey4	H	L
1779	4toy	H	L
1780	7eya	H	L
1781	6e4x	Z	Y
1784	6msy	H	L
1785	5wcd	H	L
1786	5wca	H	L
1789	7ams	H	L
1795	7fcq	H	L
1800	7v69	S	S
1801	7v68	S	S
1806	2rhe		A
1810	6jc2	H	L
1811	7v6a	S	S
1823	7f63	H	L
1824	7f62	H	L
1830	7mfb	H	L
1837	7yr0	C	B
1847	7mf1	H	L
1848	6aod	B	A
1849	7m1c	H	L
1852	3pgf	H	L
1855	3oau	H	L
1856	4g3y	H	L
1871	6fgb	H	L
1884	3grw	H	L
1895	7vnc	V	
1896	7vnb	A	
1902	7vng	H	L
1903	4hha	B	A
1904	6pze	H	L
1908	6b0w	H	L
1909	6b0s	H	L
1919	6b0g	D	C
1920	6b0a	H	L
1933	6b08	C	B
1934	7sr8	E	E
1945	5ggq	H	L
1952	5ggt	H	L
1953	5ggv	H	L
1958	2wuc	H	L
1959	6df1	H	L
1962	7t75	H	L
1966	6dfi	H	L
1967	6dfj	H	L
1971	6g8r	A	A
1980	7tc9	H	L
1981	7lss	H	L
1984	6e65	H	L
1985	7lse	H	L
1986	7lsf	H	L
1987	7lsg	H	L
1990	8dwa	H	L
1991	5uwe	H	L
1992	3zl4	H	L
1995	8d48	H	L
2004	5weq	B	A
2007	7vdl	S	S
2010	4pub	H	L
2011	7wbz	H	L
2020	4r8w	H	L
2027	7wb5	H	L
2028	5v7r	H	L
2029	5v7u	H	L
2030	4g5z	H	L
2036	5hhv	H	L
2037	5hhx	H	L
2046	6fax	H	L
2057	7n07	H	L
2060	3h0t	B	A
2063	7sn1	H	L
2064	7sn2	H	L
2069	4hjg	B	A
2080	7n04	H	L
2102	6oz2	H	L
2103	5w0d	B	C
2104	1fgv	H	L
2119	7ru4	H	L
2143	6cbj	H	L
2144	6cbv	H	L
2145	6cbp	A	A
2152	7dfl	C	C
2153	3qnz	B	A
2154	5x08	H	L
2157	7x91	H	L
2167	7lqw	H	L
2172	7tas	H	L
2184	5l6y	H	L
2195	3p0y	H	L
2196	1u8p	B	A
2197	1u8q	B	A
2198	1u8j	B	A
2199	1u8k	B	A
2200	1u8h	B	A
2201	1u8i	B	A
2202	1u8n	B	A
2203	1u8o	B	A
2204	1u8l	B	A
2205	1u8m	B	A
2206	1efq		A
2214	6pe7	H	L
2215	3kyk	H	L
2224	2b1h	H	L
2225	5y2l	I	J
2243	2eiz	B	A
2248	7fg2	D	
2249	7fg3	D	
2250	7z0y	H	L
2263	4g7v	H	L
2264	5ezi	H	L
2265	7ew3	S	S
2266	4g7y	H	L
2282	8efl	E	E
2287	4dag	H	L
2288	7wp5	H	L
2289	6jsz	D	
2294	4zfg	H	L
2303	6uj9	H	L
2306	2jb5	H	L
2310	6mjz	H	L
2317	6w4m	H	L
2318	6w4w	H	L
2324	6w41	H	L
2325	5vsi	H	L
2332	5dum	H	L
2333	5dup	H	L
2347	4ngh	H	L
2354	7y0v	H	L
2357	6z3q	H	L
2358	6z3p	H	L
2378	4jkp	H	L
2383	5erw	A	B
2395	5bzw	B	A
2404	7m7b	H	L
2405	7m7e	C	D
2498	4xaw	H	L
2501	7w55	E	E
2502	7w53	E	E
2507	7the	B	C
2513	8dxt	H	L
2520	4olz	H	L
2521	4oly	H	L
2522	4olx	H	L
2523	4olw	H	L
2524	4olv	H	L
2525	4olu	H	L
2526	7yxu	H	L
2529	2xqb	H	L
2530	5f9o	H	L
2531	4hf5	H	L
2536	7kbm	A	A
2537	7kbo	A	A
2542	3h42	H	L
2543	5f96	H	L
2544	4kht	H	L
2545	4khx	H	L
2548	4hfu	H	L
2549	7srr	E	E
2550	7vdh	S	S
2551	7vdm	S	S
2552	7cr5	H	L
2573	6vbo	H	L
2587	3fn0	H	L
2599	6oz9	H	L
2600	7rqp	A	B
2601	7rqq	H	L
2604	4zd3	H	L
2607	7q0a	Y	Z
2627	7n3c	H	L
2628	7n3f	H	L
2629	7n3g	H	L
2630	7n3d	H	L
2631	7n3e	H	L
2632	7n3h	H	L
2633	7n3i	H	L
2634	5whk	H	L
2635	7djz	A	B
2644	6p91	H	L
2648	4gsd	H	L
2649	2lve		A
2658	2nxz	D	C
2662	7uaq	H	L
2668	5dwu	H	L
2669	5xku	C	B
2670	7y26	D	D
2671	7y27	D	D
2672	7y24	S	S
2677	6ywd	A	B
2680	1opg	H	L
2681	3jwo	H	L
2682	6n7u	A	B
2685	6dc3	H	L
2700	4ps4	H	L
2720	6xpy	B	C
2723	6xpq	B	C
2724	4xc1	H	L
2725	4xc3	H	L
2733	1l7i	H	L
2740	6iw0	H	L
2741	6u1n	H	L
2750	4xcc	H	L
2754	4xcf	H	L
2761	4r26	H	L
2762	4ris	H	L
2765	6k3m		A
2786	5kw9	H	L
2789	7oly	H	L
2793	5jxa	H	L
2796	7wlc	H	L
2797	7wlz	P	O
2800	7ru8	H	L
2801	7azb	B	
2802	2xwt	A	B
2807	7x8y	H	L
2808	6qbc	H	L
2811	2ny7	H	L
2812	2ny6	D	C
2813	2ny5	H	L
2814	2ny4	D	C
2815	2ny1	D	C
2816	2ny0	D	C
2819	6qb6	H	L
2820	6qb3	X	X
2825	6uvo	H	L
2832	6bck	H	L
2842	6mf7	H	L
2884	7dha	C	B
2885	7k8r	H	L
2889	7k8p	H	L
2890	7k8q	H	L
2898	7k8u	H	L
2899	6y1l	H	L
2900	6y1m	H	L
2903	7k8y	G	I
2904	6y1k	H	L
2909	7l3n	D	E
2910	6w00	H	L
2913	7k8n	A	B
2914	7k8o	H	L
2924	4p59	H	L
2925	7ucx	H	L
2930	7uce	H	L
2943	5ngv	H	L
2948	7zf6	H	L
2953	7zf8	H	L
2961	5ty6	H	L
2964	1adq	H	L
2969	4wuu	E	D
2970	4wuk	H	L
2980	8dgv	H	L
2983	7zff	H	L
2996	3u1s	H	L
2999	6xpx	B	C
3016	6ocb	H	L
3031	3jcb	C	B
3032	3jcc	C	B
3038	6vy6	H	L
3039	6vy5	H	L
3042	6oel	H	L
3043	7wj5	E	E
3044	5grj	H	L
3051	7qtk	B	C
3052	3tyg	H	L
3061	7ydy	H	L
3062	7ydi	H	L
3066	2yk1	H	L
3078	7kfx	H	L
3079	7kfy	H	L
3084	6q18	H	L
3085	6q19	H	L
3086	3qot	H	L
3087	6dsi	A	A
3097	2ykl	H	L
3098	7wz7	C	C
3107	6q1j	H	L
3108	6q1k	H	L
3109	6q1e	H	L
3110	6q1g	H	L
3111	5zv3	H	L
3112	6q1a	H	L
3113	1uj3	B	A
3125	6be3	H	L
3126	6be2	H	L
3127	6be4	H	L
3128	7xcp	H	L
3129	7xck	A	B
3130	6tcr	H	L
3133	6wvz	H	L
3140	6gv4	H	L
3147	1t2j	A	
3150	5t33	H	L
3153	5x8m	B	C
3159	5fuz	H	L
3160	5fuo	H	L
3164	5u5f	B	A
3165	5u5m	B	A
3166	6dlb	H	L
3167	6dla	H	L
3170	6xkq	H	L
3173	7u04	H	L
3176	7uel	H	L
3181	7u0b	H	L
3182	7u0k	H	L
3191	4fq1	H	L
3192	4fq2	H	L
3193	8dad	H	L
3208	4fqy	H	L
3227	4fqi	H	L
3234	4fql	H	L
3235	4fqc	H	L
3236	7ti6	H	L
3239	5czv	H	L
3240	2h32	H	A
3243	4jm4	H	L
3246	2f5b	H	L
3247	2f5a	H	L
3248	5szf	H	L
3262	4ob5	H	L
3263	7wh8	B	A
3306	7oh0	C	B
3307	7oh1	E	D
3329	6uyf	H	L
3343	7vuz	S	S
3344	5fha	H	L
3347	5fhb	H	L
3348	5te6	H	L
3349	6qfc	B	B
3350	4kvn	H	L
3351	7str	H	L
3360	6urh	H	L
3363	5i8k	H	L
3376	5i8o	H	L
3377	5i8c	A	B
3387	6bgt	B	A
3407	7xa3	E	E
3440	5wt9	H	L
3454	7ejz	H	L
3455	7ejy	H	L
3476	1dfb	H	L
3477	2ny3	D	C
3478	2ny2	D	C
3479	7l7d	H	L
3490	5u3d	B	A
3493	5u3j	H	L
3494	5u3o	H	L
3495	5u3n	H	L
3496	5u3m	H	L
3499	5u3p	H	L
3500	4uv7	H	L
3501	4uv4	H	L
3502	5ocy	H	L
3503	5ocx	H	L
3504	7l77	H	L
3509	5oca	H	L
3510	5occ	H	L
3511	5vkd	H	L
3512	7f9w	B	C
3513	7ugm	H	L
3539	6qb4	X	X
3540	3x3f	H	L
3541	3x3g	H	L
3542	7u2d	H	L
3543	7u2e	H	L
3546	3k2u	H	L
3547	7e23	B	C
3550	8dcc	H	L
3569	7zbu	H	L
3570	4wy7	H	L
3574	5xxy	H	L
3575	5itb	H	L
3578	7lo8	H	L
3582	7lo7	H	L
3593	4py8	I	J
3596	3eyq	D	C
3599	8d8r	H	L
3614	4r4f	H	L
3619	6vup	A	A
3624	6vug	D	C
3629	7ow1	H	K
3632	7bej	H	L
3633	4od3	H	L
3634	4od2	B	A
3635	4od1	H	L
3636	7b0b	H	L
3639	5ghw	H	L
3642	4odh	H	L
3647	5jr1	H	L
3651	1gc1	H	L
3656	7kza	H	L
3661	6dw2	B	A
3677	1mim	H	L
3682	7jxc	H	L
3683	7jxe	H	L
3708	5w2b	H	L
3709	6wrp	H	L
3712	5d70	H	L
3713	5d71	H	L
3722	3b2v	H	L
3732	4f57	H	L
3737	7tr4	L	H
3747	7ndb	H	L
3748	7nda	H	L
3749	7l5b	H	L
3753	5u1f	H	L
3758	7x92	H	L
3759	4ut7	H	L
3764	7nd9	H	L
3765	7nd8	H	L
3766	7l58	H	L
3770	7l57	H	L
3771	7nd0	H	L
3775	7nd6	H	L
3776	7nd5	H	L
3785	5vic	H	L
3792	6cnr	H	L
3802	6nb4	H	L
3807	6nb8	H	L
3811	7z12	B	C
3815	7ws2	E	D
3823	7ws6	I	H
3836	7wsl	H	L
3837	8dm4	H	L
3847	8dm0	H	
3848	7amr	H	L
3849	7amq	H	L
3850	7amp	H	L
3853	7lm9	H	L
3856	4r4h	H	L
3857	5zmj	H	L
3860	6wex	H	L
3868	7s0e	H	L
3869	7s0j	H	L
3874	7mlz	H	L
3897	5uix	H	L
3911	2pr4	H	L
3912	7rdm	B	A
3915	7rdk	B	A
3916	7rdj	B	A
3923	5gjs	H	L
3924	5it2	H	L
3925	5gjt	H	L
3932	6u6u	H	L
3935	7arn	H	L
3944	2r0k	H	L
3954	7x26	H	K
3955	6bkd	H	L
3958	6bkc	H	L
3959	6bkb	H	L
3966	4dtg	H	L
3967	3w9e	A	B
3972	6zjg	H	L
3973	7x2a	H	K
3981	3gbn	H	L
3982	5f7e	H	L
3987	3idx	H	L
3992	7tpj	H	L
3993	7enf	P	O
3994	7eng	H	L
3995	7tpg	H	L
3996	7x90	E	F
3997	3idi	B	A
3998	3idj	B	A
3999	3idn	B	A
4006	5whj	H	L
4011	1ikf	H	L
4012	7bz5	H	L
4017	6y97	H	L
4020	5cjq	H	L
4021	7nfr	B	
4030	6y1n	H	L
4031	6y9a	H	L
4032	1bey	H	L
4035	5vob	H	L
4036	5voc	H	L
4037	5vod	H	L
4038	6w05	H	L
4039	7k8m	A	B
4046	4nki	H	L
4047	6xe1	H	L
4071	7z3w	H	L
4075	3muh		L
4090	7s6l	H	L
4095	5ug0	D	C
4099	7vug	S	S
4100	7vuh	N	
4101	7vui	N	
4102	7vuj	N	
4103	7cm4	H	L
4104	7vux	H	L
4105	7vuy	S	S
4106	7lcv	A	B
4112	6okm	H	L
4120	5aze	H	L
4121	1b4j	H	L
4125	2p8l	B	A
4126	2p8m	B	A
4131	6gk8	H	L
4134	6gk7	H	L
4141	4o58	H	L
4156	4o5l	H	L
4157	3lqa	H	L
4164	1g9n	H	L
4165	4irz	H	L
4168	6o39	B	A
4174	4dvr	H	L
4179	6o3k	H	L
4184	6o3a	B	A
4185	6o3d	H	L
4190	2p8p	B	A
4191	5o4o	B	A
4192	5o4g	B	A
4195	7epu	A	A
4218	4qxg	H	L
4219	6d0x	A	B
4233	7f6y	H	L
4242	7f6z	H	L
4245	7mf8	H	L
4246	6cr1	H	L
4252	4m6o	H	L
4253	4m6n	H	L
4254	4m6m	H	L
4262	7u8l	H	L
4265	7u8j	H	L
4266	2dd8	H	L
4277	7e86	A	B
4278	6nn3	H	L
4279	7mm0	H	L
4288	5y11	A	B
4289	7e8m	H	L
4302	8dgu	H	L
4303	8di5	H	
4307	6xca	H	L
4313	7xw7	A	B
4322	7s4s	H	L
4326	4hwe	H	L
4327	4hwb	H	L
4330	6sm1		A
4340	7laa	H	L
4341	3egs	B	A
4346	5uem	H	L
4347	5uel	H	L
4348	5uek	H	L
4361	4xwg	H	L
4394	6apb	H	L
4395	5w42	H	L
4396	2vh5	H	L
4397	3q1s	H	L
4402	1mco	H	L
4421	6u38	H	L
4433	6o1f	H	L
4434	7urs	H	L
4443	7wvf	C	C
4446	7phg	H	L
4469	7jv2	H	L
4470	7tty	H	L
4471	7ttx	H	L
4474	7ttm	H	L
4475	5tfs	H	L
4476	7m8j	H	L
4477	5e08	H	L
4478	1igm	H	L
4479	7jva	H	L
4485	4unv		A
4496	5ea0	H	L
4497	3kr3	H	L
4515	7k45	H	L
4519	7f1g	D	
4548	7fjc	H	L
4551	1n8z	B	A
4552	7f15	B	B
4553	4p9h	H	L
4565	3tje	H	L
4566	4yjz	L	L
4567	3sdy	H	L
4574	6nha	H	L
4575	3l5x	H	L
4576	3l5y	H	L
4577	4oqt	H	L
4582	7raq	H	L
4591	4hqq	H	L
4599	7rr0	B	C
4600	5ucb	H	L
4607	6vms	E	E
4608	7a3o	H	L
4629	3u4b	H	L
4630	7rbu	H	L
4633	5w6g	H	L
4636	6gg0	H	L
4637	5w6c	H	L
4640	7jmo	H	L
4641	7jmw	H	L
4642	7jmp	H	L
4643	7o52	H	L
4644	3lmj	H	L
4645	7jmx	H	L
4650	5ir3		A
4660	6wj0	H	L
4661	2fgw	H	L
4664	1x9q	A	A
4667	7utz	N	
4668	6bqb	H	L
4673	6mto	H	L
4682	6mty	H	L
4687	6mtt	H	L
4688	6mts	H	L
4689	6mtr	H	L
4690	6mtq	H	L
4704	6oc7	H	L
4705	5wn9	H	H
4709	7dzx	H	L
4710	6b0e	B	A
4734	1f6l		L
4744	4xny	H	L
4759	3thm	H	L
4762	4yhz	H	L
4765	4yhk	H	L
4766	4yhm	H	L
4767	4yhl	H	L
4768	4yho	H	L
4771	7yue	A	A
4772	4osu	H	L
4776	5vag	C	B
4783	6tcm	H	L
4786	6tcs	A	A
4787	6tcq	H	L
4792	7sg6	H	L
4793	7sg5	H	L
4794	7sg4	H	L
4812	7vke	B	
4823	6uce	H	L
4824	4jy5	H	L
4825	4jy4	B	A
4835	2xza	H	L
4836	2xzc	H	L
4837	3idm	B	A
4841	8erq	H	L
4855	7kfg	A	B
4865	7t0z	H	L
4866	7t0w	H	L
4867	3ghe	H	L
4870	7prz	H	L
4871	6wha	E	E
4876	3idg	B	A
4877	6whk	C	B
4880	7d03	H	L
4883	7uvo	A	B
4884	7uvl	H	L
4889	7wvg	C	D
4890	7kpg	H	L
4898	7d0b	H	L
4901	7bbg	H	L
4902	7evw	N	
4903	7evz	E	E
4904	5tjd	H	L
4907	6mvl	H	L
4924	3bdy	H	L
4942	7dx4	H	L
4952	7lxx	H	L
4959	7lxw	H	L
4965	3dvg	B	A
4966	3dvf		A
4969	3dvi		A
4972	4jb9	H	L
4973	4ub0	H	L
4976	6pzg	H	L
5003	7wy0	C	C
5004	7wy5	N	
5010	3ztn	H	L
5013	7wyb	E	E
5018	3tv3	H	L
5019	3d0l	B	A
5020	5vgj	H	L
5023	7vmz	H	L
5024	6yio	H	L
5025	7vmu	A	A
5028	7sem	B	C
5050	6umi	H	L
5051	6umj	H	L
5055	1nl0	H	L
5062	7xp5	N	
5063	7xp4	N	
5064	7xp6	N	
5082	6u85	H	L
5085	6u8d	H	L
5105	6gc2	H	L
5106	6dcw	H	L
5115	7dc7	A	B
5121	6dc4	H	L
5124	6yxm	H	L
5127	7rnj	H	L
5128	7u9w	H	H
5129	6yxf	H	H
5140	6wfy	H	L
5141	6wfx	H	L
5146	7x8w	H	L
5147	7d6y	B	
5148	7d6i	B	C
5149	7ce2	Z	B
5150	6wf1	H	L
5151	6wf0	H	L
5163	1aqk	H	L
5164	7mx8	H	L
5170	3qo1	B	A
5171	3qo0	B	A
5184	5wb9	H	L
5185	5vzy	H	L
5198	2b4c	H	L
5199	8dce	H	H
5210	7f7e	C	L
5211	3ujj	H	L
5212	3uji	H	L
5213	6al5	H	L
5227	4ydi	H	L
5228	4ydk	H	L
5237	5bq7	A	B
5240	1vge	H	L
5245	5y9k	H	L
5246	5y9j	H	L
5257	5igx	H	L
5262	7sk9	F	E
5265	7sk6	F	E
5276	3eo9	H	L
5277	3n9g	H	L
5282	5kjr	H	L
5283	6uoe	H	L
5293	7kkh	B	A
5294	3mod	H	L
5295	3moa	H	L
5296	3mob	H	L
5297	2d7t	H	L
5314	7lsb	B	D
5318	4lsu	H	L
5319	4lst	H	L
5320	4lsv	H	L
5321	4lsq	H	L
5322	4lsp	H	L
5323	4lss	H	L
5324	4lsr	H	L
5327	7daa	H	L
5328	7qf0	H	L
5342	7cdj	H	L
5343	7cdi	H	L
5353	6wdt	H	L
5354	6wds	H	L
5359	7d4g	N	G
5360	4edw	H	L
5361	7ktx	I	J
5362	4fz8	H	L
5363	7bnv	H	L
5377	7mzf	H	L
5378	7mzg	H	L
5389	7mzi	H	L
5390	7mzn	H	L
5391	7mzl	H	L
5392	7mzm	H	L
5393	4fze	H	L
5398	4nzr	H	L
5399	4nzt	H	L
5400	4nzu	H	L
5406	6and	H	L
5409	3dro	B	A
5410	3p30	H	L
5411	7urq	H	L
5412	3drq	B	A
5417	3drt	B	A
5422	4ptt	B	A
5423	4ptu	B	A
5429	7we8	H	L
5435	6xy2	H	L
5440	7wee	H	L
5441	7wed	H	L
5442	7wef	C	L
5450	5ies	H	L
5453	6ym0	H	L
5460	4kmt	H	L
5467	6k0y	A	B
5468	7six	H	L
5469	4hie	B	A
5479	1lve		A
5480	6xkr	H	L
5481	7ki1	N	
5485	1fh5	H	L
5490	5tf1	H	L
5498	3lev	H	L
5499	6mid	H	L
5500	6q0l	H	L
5504	3wsq	H	L
5509	4n0y	H	L
5510	7cjf	A	B
5511	6w73	H	L
5521	6w7s	H	L
5526	5tfw	H	L
5527	5tpp	H	L
5528	5tpn	H	L
5529	5tpl	H	L
5536	3qct	H	L
5539	7ntc	H	L
5546	5ewi	H	L
5560	7lrs	D	E
5577	3p11	H	L
5578	3bj9		1
5579	6pdu	H	L
5590	4jdt	H	L
5599	7mu4	H	L
5600	7wcu	A	B
5601	7wck	A	B
5622	1ucb	H	L
5623	6tkf	H	L
5624	6tke	H	L
5625	6tkd	H	L
5626	6tkc	H	L
5629	7soc	H	L
5638	7sof	H	L
5639	7sod	H	L
5644	4hk3	J	N
5649	7so5	H	L
5652	6k69		A
5656	4rqs	D	C
5657	4dgy	H	L
5658	5n4g	H	L
5659	5n4j	H	L
5660	4dgv	H	L
5663	5k9j	H	L
5666	2xra	H	L
5687	7bwj	H	L
5694	4fqj	H	L
5697	6ukj	H	L
5710	6b3d	H	L
5725	7t8w	H	L
5730	7rta	H	L
5758	7chb	H	L
5765	7chz	H	L
5766	7chy	H	L
5769	6ca7	H	L
5770	7chs	H	L
5771	7chp	H	L
5774	1rzk	H	L
5775	1rzj	H	L
5786	1rzf	H	L
5795	5drw	A	B
5798	7ch4	H	L
5799	7ch5	H	L
5802	1rz7	H	L
5805	6e3h	H	L
5816	5trp	H	L
5822	3qeg	H	L
5827	5ur8	A	B
5832	1u95	B	A
5833	1u91	B	A
5834	1u93	B	A
5835	1u92	B	A
5842	4g6k	H	L
5843	4g6j	H	L
5844	4g6m	H	L
5847	6pbw	D	C
5848	5alb	H	L
5852	6jp7	H	L
5853	4l1h		A
5885	4om0	H	L
5886	4om1	H	L
5892	3m8o	H	L
5896	6r2s	B	A
5899	7ven	B	A
5902	4rwy	H	L
5905	5i1i	H	L
5906	5i1h	H	L
5907	5i1k	H	L
5908	5i1j	H	L
5909	5i1e	H	L
5912	5i1g	H	L
5915	5i1c	H	L
5918	5i19	H	L
5919	5i18	H	L
5920	5i15	H	L
5935	7kmi	A	B
5936	7kmh	A	B
5947	8hc8	H	L
5956	8hc7	H	L
5957	8hc6	H	L
5960	8hc2	H	L
5961	6meh	H	L
5962	6mei	H	L
5974	6mef	H	L
5975	6meg	H	L
5976	4i77	H	L
5982	7xxl	A	C
5983	6b5s	H	L
5984	6b5r	H	L
5985	6b5p	H	L
5988	6b5t	H	L
5989	6b5o	H	L
5990	6b5n	H	L
5991	6b5m	H	L
5992	6b5l	H	L
6001	2yss	B	A
6006	7dk0	A	B
6013	7n05	H	L
6014	7n01	H	L
6020	7n0a	B	A
6021	5ob5	H	L
6022	5dt1	H	L
6025	2zkh	H	L
6026	3j6u	H	L
6038	5esa	A	B
6039	2b0s	H	L
6042	6ehw	B	B
6043	6ehv	X	X
6046	6ehx	B	B
6047	8ddk	A	B
6054	4xbe	H	L
6073	5awn	H	L
6078	4jhw	H	L
6085	4jha	H	L
6086	7won	H	L
6087	7wog	A	B
6088	7woc	A	B
6123	7woq	D	D
6140	5lcv	H	L
6141	7dm2	H	L
6142	6ofi	H	L
6143	5dr5	H	L
6144	7wo7	A	B
6156	7ssc	H	L
6171	6wyt	H	L
6174	5xwd	H	D
6184	2fx7	H	L
6185	2nxy	D	C
6186	7kcr	H	L
6187	6tou	A	A
6188	6qcu	H	L
6189	7bsc	H	L
6190	6vc9	H	L
6193	6mg7	H	L
6202	4z0x	B	A
6205	7rp3	H	I
6206	7rp2	H	I
6215	5acl		A
6216	5u6a	B	A
6221	7rpu	A	B
6226	2vxv	H	L
6227	2vxq	H	L
6240	6w16	H	L
6241	3hc4	H	L
6244	3hc3	H	L
6256	5xj4	H	L
6259	7r8u	H	L
6265	3ru8	H	L
6268	7mrz	X	Y
6279	8d3a	H	L
6304	8dfh	H	L
6305	8dfi	H	L
6306	7tdm	H	L
6307	7tdn	H	L
6310	8d36	H	L
6311	1gaf	H	L
6316	6ivz	H	L
6321	6kpg	S	S
6322	6kpf	S	S
6337	3lzf	H	L
6338	6xqw	H	L
6339	5jw3	H	L
6340	7wm0	H	L
6341	7w0p	S	S
6342	7w0n	S	S
6343	7w0o	S	S
6344	7w0l	S	S
6345	7w0m	S	S
6350	1g9m	H	L
6360	6j9o	H	L
6361	3ma9	H	L
6364	7ps1	A	B
6365	7ps3	H	L
6389	3gkw	H	L
6393	3mac	H	L
6411	6b9y	B	A
6424	7a3u	H	L
6425	7a3t	H	L
6426	7a3n	H	L
6427	7l2d	H	L
6437	1t3f	B	A
6438	4i3r	H	L
6439	4i3s	H	L
6450	4ers	H	L
6451	7n4j	H	L
6452	7n4i	H	L
6453	7n4n	D	
6454	7n4m	H	L
6455	7n4l	H	L
6456	4x7s	H	L
6463	3sqo	H	L
6464	4hkx	A	B
6479	4hkz	B	A
6484	5vvf	H	L
6485	6k6b		A
6486	6xja	H	L
6487	7soa	H	L
6500	3d0v	B	A
6501	5m2j	D	
6502	6yx9	H	L
6506	7ljr	S	T
6507	6yxl	H	L
6508	6yxk	A	B
6511	3t0v		A
6512	6yxg	H	H
6515	6yxd	H	L
6540	5sy8	H	L
6541	4ocr	H	L
6542	4ocs	H	L
6543	4ocw	H	L
6549	7wkd	E	E
6552	7ye5	H	L
6566	6axk	A	B
6574	7swp	H	L
6575	6q0o	Z	B
6576	7swo	H	L
6577	7swn	H	L
6578	6q0i	H	L
6579	6q0h	H	L
6582	6q0e	H	L
6597	7cwo	H	L
6628	3giz	H	L
6643	3r1g	H	L
6646	8e7m	H	L
6647	5alc	H	L
6654	6rcq	A	B
6655	6rcs	A	B
6658	5t29	H	L
6705	5grv	L	K
6710	7nc0	H	L
6721	4xmp	H	L
6729	7ncs	H	L
6730	7n62	H	L
6734	7n64	H	L
6735	5tzu	H	L
6740	3sob	H	L
6741	7zcf	E	E
6748	7wtg	H	L
6749	7wtj	H	L
6753	7wth	H	L
6757	6h2y	H	L
6758	3so3	C	B
6759	5tz2	H	L
6760	7z4t	H	L
6785	3se8	H	L
6790	3mxw	H	L
6791	6vtt	H	L
6801	3nps	B	C
6802	5iq7	H	L
6807	5ock	H	L
6818	3lve		A
6838	6vtu	H	L
